Evaluation board,,,,,
Power Set Point,Actual Power,Voltage,Current,Pressure,Frequ
200,212,11.4,18.5,84.8,
400,419,17.2,24.4,126,
600,621,25.8,24,179,
800,824,33.24,24.8,209,21300
1000,1027,39,26.3,228.8,21320
,,,,,
,,,,,
Target Board,,,,,
200,0.426940649,11.21532059,0.038067627,95.1,21050
400,0.842635393,17.14572525,0.049145508,110,21100
600,1.648172616,25.29498482,0.065158076,217,21100
800,,25.29498482,0.0597702,231,21300
1000,,,,,
